Epoch,Train,Validation
1,2.3179413101598287,1.6004155550098313
2,1.2797948533644057,1.2534178531901994
3,1.0448234051866916,1.110271321031459
4,0.9223171264066824,1.0455249329540317
5,0.8441583185452517,0.9961329713447244
6,0.7822368118260473,0.9659243022435204
7,0.7368255257606506,0.9367938833163043
8,0.7013764886578102,0.9252664434454462
9,0.6705319694339427,0.9074272288852298
10,0.6475424512619395,0.8992245985257749
11,0.6284236352005347,0.9054168103069145
12,0.6072398343962939,0.8860576471387568
13,0.5907198824155491,0.8854212787579794
14,0.5755726566763737,0.8656012570079591
15,0.5688597864634253,0.8790870384236331
16,0.5601576828635861,0.8625409418136113
17,0.5506165772008255,0.857087704560799
18,0.5340145024483514,0.8653304894357269
19,0.5341824237006663,0.8492985069875778
20,0.5113315188029421,0.8578995417540288
21,0.5028079968664144,0.8537020142370358
22,0.4978846243411436,0.847943030483814
23,0.493168922149547,0.8498035845957639
24,0.5030574979001631,0.8489768878479953
25,0.4875827424996637,0.8551509077493632
26,0.4122473562779448,0.8189034354792032
27,0.38306550380894955,0.8232112419062794
28,0.3698890619481091,0.8239176087026304
